rang;type_de_document;nombre_de_reservations;titre_avec_lien_vers_le_catalogue;auteur
7;;420;Cinquante nuances plus sombres : roman;James, E.L.
8;Nouveauté;412;Au revoir là-haut : roman;Lemaitre, Pierre
10;;408;Immortelle randonnée : Compostelle malgré moi;Rufin, Jean-Christophe
13;Livre de section jeunesse > 12 ans;390;La révolte;Collins, Suzanne
15;;376;Quai d'Orsay : chroniques diplomatiques. 2;Lanzac, Abel
19;;342;Peste & choléra : roman;Deville, Patrick
33;Livre pour adulte;265;L'hiver du monde : roman;Follett, Ken
38;Livre pour adulte;250;Etranges rivages;Arnaldur Indridason
44;DVD en audio-description;236;Dans la maison;
46;Nouveauté;232;La nostalgie heureuse;Nothomb, Amélie
47;Nouveauté;230;Les lisières;Adam, Olivier
48;DVD-vidéo tous publics;226;Skyfall;
51;DVD-vidéo tous publics;217;Hunger Games;
54;;207;Le grand Coeur : roman;Rufin, Jean-Christophe
59;DVD-vidéo tous publics;195;Happiness Therapy;
86;DVD-vidéo tous publics;153;Polisse;
96;Livre pour adulte;146;Le cinquième témoin;Connelly, Michael
99;Livre pour adulte;144;Confiteor;Cabré, Jaume
102;Livre pour adulte;140;7 ans après...;Musso, Guillaume
106;Revue pour adulte;136;Que choisir ?;
113;Livre pour adulte;132;Kaïken : roman;Grangé, Jean-Christophe
114;DVD-vidéo tous publics;132;The Master;
116;DVD-vidéo tous publics;130;Les femmes du bus 678;
117;Bande dessinée pour adulte;129;Aya de Yopougon. 3;Abouet, Marguerite
130;;124;Ladivine : roman;NDiaye, Marie
131;Nouveauté disque compact;123;21;Adele
133;DVD-vidéo tous publics;123;Jason Bourne : l'héritage;
144;DVD-vidéo tous publics;119;Cloud Atlas;
157;Livre pour adulte;113;New York : 2013;Gloaguen, Philippe
158;Nouveauté;113;Complètement cramé !;Legardinier, Gilles
162;Bande dessinée jeunesse;112;Aube et crépuscule;Sobral, Patrick
163;Nouveauté;112;Limonov;Carrère, Emmanuel
165;;112;Un été avec Montaigne;Compagnon, Antoine
168;DVD jeunesse;111;Moi, moche et méchant;
171;Bande dessinée jeunesse;110;Coeur du passé;Sobral, Patrick
176;Nouveauté;110;Un vaste monde;Kirkman, Robert
180;Bande dessinée pour adulte;109;Sains et saufs ?;Kirkman, Robert
187;DVD-vidéo tous publics;108;Les femmes du 6e étage;
192;Livre pour adulte;107;7 jours : roman;Meyer, Deon
194;Nouveauté;106;Home;Morrison, Toni
195;Nouveauté disque compact;106;Tetra;
203;Nouveauté;105;La grâce des brigands;Ovaldé, Véronique
205;Bande dessinée pour adulte;103;Pyongyang;Delisle, Guy
209;DVD-vidéo tous publics;102;J. Edgar;
211;Nouveauté;102;Plonger : roman;Ono-dit-Biot, Christophe
221;;100;Fleur de tonnerre : roman;Teulé, Jean
231;Bande dessinée pour adulte;98;Transperceneige : intégrale;Lob, Jacques
235;DVD-vidéo tous publics;96;Minuit à Paris;
239;Livre pour adulte;95;Petit traité de manipulation à l'usage des honnêtes gens;Joule, Robert-Vincent
249;DVD-vidéo tous publics;94;Barbara;
250;DVD-vidéo tous publics;94;Mud;
254;DVD-vidéo tous publics;93;Homeland. Saison 1. épisodes 7 à 12;
255;Bande dessinée jeunesse >12 ans;92;Je crois que je t'aime;Lyfoung, Patricia
264;Disque compact;90;Coming from reality;Rodriguez
269;DVD-vidéo tous publics;89;THE descendants;
270;Livre pour adulte;89;A découvert;Coben, Harlan
274;DVD-vidéo tous publics;89;Flight;
279;Livre pour adulte;88;Notre-Dame du Nil : roman;Mukasonga, Scholastique
300;Livre pour adulte;85;La faille souterraine : et autres enquêtes;Mankell, Henning
311;Livre pour adulte;83;Syngué sabour : pierre de patience;Rahimi, Atiq
327;Nouveauté;81;De là, on voit la mer : roman;Besson, Philippe
328;Nouveauté disque compact;81;Unorthodox jukebox;Mars, Bruno
332;Livre de Fonds spécialisés;80;Le diable, tout le temps : roman;Pollock, Donald Ray
334;;80;Volte-face : roman;Connelly, Michael
339;DVD jeunesse;80;Ernest et Célestine;
345;Livre pour adulte;78;La bataille du labyrinthe;Riordan, Rick
358;Bande dessinée jeunesse >12 ans;76;Je veux que tu m'aimes !;Lyfoung, Patricia
360;Livre pour adulte;76;Venise : 2013;Gloaguen, Philippe
372;Bande dessinée pour adulte;74;Deuil & espoir;Kirkman, Robert
373;Disque compact;74;Different pulses;Avidan, Asaf
374;Livre pour adulte;74;Naissance : roman;Moix, Yann
375;Nouveauté;73;Walking dead. 13;Kirkman, Robert
395;Bande dessinée pour adulte;70;Honneur et police;Nury, Fabien
396;Bande dessinée jeunesse;70;Chi, une vie de chat. 2;Konami, K.
399;Nouveauté;70;Nouilles froides à Pyongyang : récit de voyage;Coatalem, Jean-Luc
401;Livre pour adulte;69;Middlesex;Eugenides, Jeffrey
406;DVD-vidéo tous publics;69;La Piel que habito;
409;DVD-vidéo tous publics;69;Indian Palace;
414;DVD-vidéo tous publics;68;Les Soprano . Intégrale Saison 1;
427;DVD-vidéo tous publics;67;The Social network;
431;DVD-vidéo tous publics;67;Twilight - Chapitre V : Révélation;
434;DVD- vidéo > 12 ans;67;Gangster Squad;
442;DVD-vidéo tous publics;66;Harry Potter et les reliques de la mort;
448;Nouveauté disque compact;66;The Next day;Bowie, David
450;DVD- vidéo > 12 ans;66;Only God Forgives;
455;;65;Coucher de soleil;Hunter, Erin
456;DVD-vidéo tous publics;65;Breaking bad. Saison 1. épisodes 1 à 6;
460;;65;Oh... : roman;Djian, Philippe
467;Nouveauté;65;Transatlantic;McCann, Colum
473;DVD-vidéo tous publics;64;Girls : saison 1;
476;Bande dessinée jeunesse;63;La quatrième dimension et demie;Vehlmann, Fabien
478;;63;Le sel de la vie : lettre à un ami;Héritier, Françoise
479;DVD-vidéo tous publics;63;Cheval de guerre;
493;Nouveauté disque compact;62;Philharmonics;Obel, Agnes
500;DVD-vidéo tous publics;62;Après mai;
502;Bande dessinée pour adulte;61;Shenzhen;Delisle, Guy
506;Nouveauté;61;Indignez-vous !;Hessel, Stéphane
510;DVD-vidéo tous publics;61;Les infidèles;
512;DVD-vidéo tous publics;61;Vous n'avez encore rien vu;
513;Nouveauté;61;Vert-de-gris;Kerr, Philip
1;Livre pour adulte;1083;La vérité sur l'affaire Harry Quebert : roman;Dicker, Joël
5;Livre pour adulte;446;Le bleu est une couleur chaude;Maroh, Julie
14;Nouveauté;376;1Q84. 1. Avril-juin;Murakami, Haruki
16;Livre de section jeunesse > 12 ans;352;Hunger games;Collins, Suzanne
20;Nouveauté;322;1Q84. 2. Juillet-septembre;Murakami, Haruki
26;Livre pour adulte;277;Demain;Musso, Guillaume
28;;274;La sirène;Läckberg, Camilla
35;Nouveauté;257;Canada : roman;Ford, Richard
36;DVD- vidéo > 12 ans;254;Django Unchained;
56;Nouveauté;200;Petite Poucette : le monde a tellement changé que les jeunes doivent tout réinventer : une manière de vivre ensemble, des institutions, une manière d'être et de connaître...;Serres, Michel
60;;191;A moi seul bien des personnages : roman;Irving, John
63;Nouveauté;186;La couleur des sentiments;Stockett, Kathryn
64;Livre pour adulte;184;La ronde des mensonges : roman;George, Elizabeth
65;;184;22-11-63 : roman;King, Stephen
66;DVD-vidéo tous publics;183;Habemus Papam;
67;DVD-vidéo tous publics;183;Holy Motors;
68;Nouveauté disque compact;181;Racine carrée;Stromae
75;DVD-vidéo tous publics;170;To Rome with love;
81;DVD-vidéo tous publics;163;Populaire;
83;Nouveauté;158;Le bûcher d'un roi;Martin, George R.R.
85;DVD-vidéo tous publics;155;Game of Thrones;
88;DVD-vidéo tous publics;152;Une séparation;
91;;151;Où es-tu ?;Lyfoung, Patricia
94;DVD- vidéo > 12 ans;147;Prometheus;
100;;142;Indigo;Cusset, Catherine
107;;136;Journal d'un corps;Pennac, Daniel
108;Nouveauté;134;Un jour je m'en irai, sans en avoir tout dit;Ormesson, Jean d'
112;Bande dessinée pour adulte;132;Aya de Yopougon. 4;Abouet, Marguerite
115;Bande dessinée pour adulte;130;Aya de Yopougon. 1;Abouet, Marguerite
119;Nouveauté;128;L'oiseau de mauvais augure;Läckberg, Camilla
121;DVD-vidéo tous publics;127;Intouchables;
123;Bande dessinée pour adulte;126;Chroniques birmanes;Delisle, Guy
125;DVD-vidéo tous publics;126;Adieu Berthe ou l'enterrement de mémé;
127;Bande dessinée pour adulte;125;Aya de Yopougon. 2;Abouet, Marguerite
140;Nouveauté disque compact;120;Searching for sugar man;
145;Nouveauté;119;Nue;Toussaint, Jean-Philippe
149;Disque compact;117;The next day;Bowie, David
159;DVD-vidéo tous publics;113;Killer Joe;
164;DVD-vidéo tous publics;112;Cosmopolis;
181;Livre pour adulte;109;Le tailleur de pierre;Läckberg, Camilla
183;DVD jeunesse;109;Rebelle;
207;Nouveauté disque compact;103;The golden age;
212;Bande dessinée jeunesse;101;Griffes et plumes;Sobral, Patrick
213;DVD-vidéo tous publics;101;La couleur des sentiments;
215;Nouveauté;101;L'herbe des nuits : roman;Modiano, Patrick
216;DVD-vidéo tous publics;101;No;
227;Disque compact;98;An awesome wave;
229;DVD-vidéo tous publics;98;Paperboy;
238;Disque compact;96;Aventine;Obel, Agnes
242;DVD-vidéo tous publics;95;Jack Reacher;
266;DVD-vidéo tous publics;90;Carnage;
268;Nouveauté;90;Petites scènes capitales;Germain, Sylvie
272;Livre pour adulte;89;Dans le jardin de la bête;Larson, Erik
277;Nouveauté;89;La fin de l'homme rouge ou Le temps du désenchantement;Alexievitch, Svetlana
282;DVD-vidéo tous publics;87;Sur écoute : Intégrale Saison 1;
287;DVD- vidéo > 12 ans;87;Spring Breakers;
289;Bande dessinée pour adulte;86;Polina;Vivès, Bastien
294;Nouveauté;86;Une femme aimée : roman;Makine, Andreï
296;DVD-vidéo tous publics;86;Blancanieves;
302;Livre pour adulte;85;Brunetti et le mauvais augure;Leon, Donna
306;DVD-vidéo tous publics;84;Mad men : saison 2;Hamm, Jon
313;;83;Théorème vivant;Villani, Cédric
317;Livre jeunesse;82;Le trône de fer;Martin, Georges R. R.
323;Bande dessinée pour adulte;81;Amour et mort;Kirkman, Robert
330;Livre pour adulte;80;Fugitives;Munro, Alice
337;Nouveauté;80;Les joyaux du Paradis;Leon, Donna
349;DVD-vidéo tous publics;78;2 days in New York;
350;DVD jeunesse;78;L'âge de glace 4;
361;Nouveauté disque compact;76;Django unchained : the new film by Quentin Tarantino : original motion picture soundtrack;
367;DVD-vidéo tous publics;75;Downton Abbey. Saison 1. Disque 1;
369;Bande dessinée jeunesse;74;Chi, une vie de chat. 3;Konami, K.
371;DVD-vidéo tous publics;74;Les marches du pouvoir;
379;Nouveauté;72;L'hypnotiseur;Kepler, Lars
382;Livre pour adulte;72;Le dernier Lapon;Truc, Olivier
385;Nouveauté;72;Incurables;Kepler, Lars
391;Livre pour adulte;71;60 activités Montessori pour mon bébé : 0-2 ans : préparer son univers, l'éveiller et l'aider à faire seul;Place, Marie-Hélène
398;DVD-vidéo tous publics;70;LE HAVRE;
402;Livre pour adulte;69;1984;Orwell, George
403;Bande dessinée jeunesse;69;Journal infime;Neel, Julien
408;Bande dessinée pour adulte;69;Apollinaire;Birmant, Julie
410;DVD-vidéo tous publics;69;Passion;
412;Bande dessinée pour adulte;68;L'empire de monsieur Joseph;Nury, Fabien
415;Bande dessinée pour adulte;68;Vengeance;Kirkman, Robert
428;Livre pour adulte;67;Italie du Nord : 2012 : sans la Toscane, l'Ombrie, les lacs italiens et Venise;Gloaguen, Philippe
429;;67;Némésis : roman;Roth, Philip
437;Bande dessinée jeunesse >12 ans;66;Fairy Tail. 2;Mashima, Hiro
443;Livre pour adulte;66;Un avion sans elle : roman;Bussi, Michel
444;Bande dessinée jeunesse;66;Les terres basses;Vehlmann, Fabien
457;Bande dessinée jeunesse;65;Chi, une vie de chat. 6;Konami, Kanata
458;Livre pour adulte;65;Rome;Gloaguen, Philippe
464;Nouveauté disque compact;65;Push the sky away;Cave, Nick
468;Nouveauté;65;Faber : le destructeur : roman;Garcia, Tristan
469;DVD jeunesse;64;Harry Potter et le Prince de sang-mêlé;Yates, David
470;DVD-vidéo > 16 ans;64;Vénus noire;
481;DVD- vidéo > 12 ans;63;Total Recall : mémoires programmées;
483;Disque compact;63;Different pulses;Avidan, Asaf
491;Bande dessinée jeunesse >12 ans;62;Fairy Tail. 1;Mashima, Hiro
503;Livre de section jeunesse > 12 ans;61;Trafic : mission 2;Muchamore, Robert
515;DVD-vidéo tous publics;60;Hiroshima mon amour;Resnais, Alain
517;Livre pour adulte;60;Myanmar (Birmanie);Allen, John
3;Livre pour adulte;599;La liste de mes envies;Delacourt, Grégoire
22;;311;Cinquante nuances plus claires : roman;James, E.L.
27;;274;Méditer, jour après jour : 25 leçons pour vivre en pleine conscience;André, Christophe
31;Nouveauté;271;Je vais mieux : roman;Foenkinos, David
37;DVD-vidéo tous publics;253;De rouille et d'os;
50;Nouveauté;219;Esprit d'hiver;Kasischke, Laura
52;Nouveauté;214;L'extraordinaire voyage du fakir qui était resté coincé dans une armoire Ikea;Puértolas, Romain
61;Nouveauté;189;L'invention de nos vies : roman;Tuil, Karine
69;DVD-vidéo tous publics;180;Le prénom;
70;Nouveauté;178;Sombre dimanche : roman;Zeniter, Alice
74;Nouveauté;171;Il faut beaucoup aimer les hommes : roman;Darrieussecq, Marie
77;Nouveauté;167;L'échange des princesses;Thomas, Chantal
82;DVD-vidéo tous publics;159;Starbuck;
92;Nouveauté;151;La première chose qu'on regarde : roman;Delacourt, Grégoire
93;;150;Cinq jours;Kennedy, Douglas
98;DVD-vidéo tous publics;144;Gatsby le Magnifique;Clayton, Jack
103;DVD-vidéo tous publics;139;L'odyssée de Pi;
109;Livre pour adulte;133;Un héros;Herzog, Félicité
110;DVD-vidéo tous publics;133;Laurence Anyways;
118;Bande dessinée pour adulte;129;Terrifiant;Kirkman, Robert
124;;126;La rose écarlate. 7. Tu seras toujours à moi;Lyfoung, Patricia
132;Livre pour adulte;123;Petit traité de l'abandon : pensées pour accueillir la vie telle qu'elle se propose;Jollien, Alexandre
134;;123;Remonter la Marne;Kauffmann, Jean-Paul
141;Livre pour adulte;119;Le prédicateur;Läckberg, Camilla
146;Nouveauté disque compact;118;Cheese;Stromae
147;DVD-vidéo tous publics;117;THE artist;
150;DVD-vidéo tous publics;117;Oblivion;
152;DVD-vidéo tous publics;116;the Tree of Life;
156;Bande dessinée jeunesse >12 ans;114;J'irai où tu iras;Lyfoung, Patricia
161;DVD-vidéo tous publics;113;Game of Thrones : saison 2;
166;Nouveauté;112;Une part de ciel;Gallay, Claudie
173;Livre jeunesse;110;Le fils de Neptune;Riordan, Rick
175;;110;Mapuche;Férey, Caryl
177;Livre pour adulte;110;Italie du Sud : sans Rome ni la Sicile : 2013;Gloaguen, Philippe
185;Bande dessinée jeunesse;108;Le gardien;Sobral, Patrick
190;DVD-vidéo tous publics;107;L'exercice de l'Etat;
196;DVD-vidéo tous publics;106;Homeland. Saison 1. épisodes 1 à 6;
206;DVD-vidéo tous publics;103;La taupe;
210;DVD-vidéo tous publics;102;Piégée;
214;Livre pour adulte;101;Londres : 2013;Gloaguen, Philippe
217;Bande dessinée jeunesse;100;Frères ennemis;Sobral, Patrick
219;Bande dessinée jeunesse >12 ans;100;Je serai toujours avec toi;Lyfoung, Patricia
223;;99;Cet instant-là;Kennedy, Douglas
224;Nouveauté disque compact;99;Love songs;Paradis, Vanessa
225;DVD-vidéo tous publics;98;La guerre est déclarée;
226;;98;La vérité toute moche : grandir ou ne pas grandir, telle est la question !;Kinney, Jeff
232;Nouveauté;97;Si c'était à refaire : roman;Lévy, Marc
234;Livre pour adulte;97;Fantôme;Nesbo, Jo
245;DVD-vidéo tous publics;94;True Grit;
246;;94;Les Légendaires. 14. L'héritage du mal;Sobral, Patrick
248;DVD-vidéo tous publics;94;A Dangerous Method;
257;DVD-vidéo tous publics;92;Quelques heures de printemps;
260;Bande dessinée jeunesse >12 ans;91;Duel de belles;Delaf
262;Bande dessinée pour adulte;90;Cette vie derrière nous;Kirkman, Robert
267;Nouveauté;90;La théorie de l'information : roman;Bellanger, Aurélien
271;Nouveauté;89;Les pays : roman;Lafon, Marie-Hélène
275;DVD-vidéo tous publics;89;Wadjda;
280;Livre de section jeunesse > 12 ans;88;L'ange gardien;Muchamore, Robert
288;Livre pour adulte;86;Le confident;Grémillon, Hélène
290;Bande dessinée pour adulte;86;Olympe de Gouges;Catel
291;Nouveauté;86;Moi, René Tardi, prisonnier au Stalag II B;Tardi, Jacques
293;;86;Le guide du mauvais père. 1;Delisle, Guy
298;DVD- vidéo > 12 ans;85;Millenium - Les hommes qui n'aimaient pas les femmes;
299;DVD-vidéo tous publics;85;Downtown Abbey;
305;Bande dessinée jeunesse;84;Le cycle d'Anathos : renaissance;Sobral, Patrick
316;DVD-vidéo tous publics;83;The Grandmaster;
318;Bande dessinée pour adulte;82;L'apocalypse selon saint Jacky;Larcenet, Manu
325;Livre de section jeunesse > 12 ans;81;Le clan Aramov;Muchamore, Robert
326;;81;L'héritage. 4;Paolini, Christopher
331;Nouveauté;80;Dans les forêts de Sibérie : février-juillet 2010;Tesson, Sylvain
336;Nouveauté;80;La déesse des petites victoires;Grannec, Yannick
338;DVD-vidéo tous publics;80;Thérèse Desqueyroux;
340;DVD-vidéo tous publics;80;Tabou;
344;DVD-vidéo tous publics;79;L'écume des jours;
351;Nouveauté;78;Atomka;Thilliez, Franck
354;DVD-vidéo tous publics;77;Heimat 1 : une chronique allemande;Reitz, Edgar
357;Livre pour adulte;77;L'île des oubliés;Hislop, Victoria
368;DVD-vidéo tous publics;75;Breaking Bad : Saison 5;
370;DVD-vidéo tous publics;74;Le discours d'un roi;
377;Nouveauté;73;Il était une fois en France. 6. La terre promise;Nury, Fabien
383;Nouveauté;72;Le prisonnier du ciel;Ruiz Zafón, Carlos
388;Bande dessinée pour adulte;71;Monstrueux;Kirkman, Robert
389;Livre pour adulte;71;Trop intelligent pour être heureux ? : l'adulte surdoué;Siaud-Facchin, Jeanne
390;Bande dessinée jeunesse >12 ans;71;Fairy Tail. 3;Mashima, Hiro
393;DVD-vidéo tous publics;71;Madagascar 3 : bons baisers d'Europe;
394;DVD-vidéo tous publics;71;Sugar Man;
404;Bande dessinée jeunesse;69;Chi, une vie de chat. 4;Konami, K.
405;Livre pour adulte;69;Les revenants;Kasischke, Laura
413;Bande dessinée jeunesse >12 ans;68;Pour qui tu te prends ?;Delaf
419;Bande dessinée pour adulte;68;Les ignorants : récit d'une initiation croisée;Davodeau, Etienne
426;DVD-vidéo tous publics;67;Breaking bad. Saison 2;
440;Bande dessinée jeunesse;66;Sang royal;Sobral, Patrick
445;Nouveauté;66;La mort s'invite à Pemberley : roman;James, Phyllis Dorothy
447;Bande dessinée jeunesse;66;Le bal d'été;Algésiras
449;Livre pour adulte;66;Faillir être flingué;Minard, Céline
454;Livre jeunesse;65;Le dernier Olympien;Riordan, Rick
459;Bande dessinée jeunesse;65;Un couple d'enfer;Delaf
480;Livre pour adulte;63;La classe de rhéto;Compagnon, Antoine
485;Livre pour adulte;63;Ne lâche pas ma main : roman;Bussi, Michel
488;Bande dessinée jeunesse >12 ans;62;Piété filiale;Oda, Eiichiro
53;;211;Chroniques de Jérusalem;Delisle, Guy
55;DVD- vidéo > 12 ans;204;Drive;
57;Nouveauté;195;Les dragons de Meereen : roman;Martin, George R.R.
72;Nouveauté;176;Le quatrième mur : roman;Chalandon, Sorj
73;;173;Sauve-toi, la vie t'appelle;Cyrulnik, Boris
76;Livre pour adulte;169;Profanation : roman;Adler-Olsen, Jussi
78;Livre pour adulte;166;Cherchez la femme : roman;Ferney, Alice
79;DVD-vidéo tous publics;166;Zero Dark Thirty;
95;;146;14;Echenoz, Jean
97;DVD-vidéo tous publics;145;Looper;
104;Disque compact;137;Cold fact;Rodriguez
105;Nouveauté disque compact;137;Places;Doillon, Lou
120;DVD- vidéo > 12 ans;128;Bullhead;
122;Bande dessinée pour adulte;127;Blast. 3;Larcenet, Manu
126;Bande dessinée pour adulte;125;Passé décomposé. 1;Kirkman, Robert
129;DVD-vidéo tous publics;125;Borgen;
135;DVD-vidéo tous publics;122;The Dark Knight Rises;
137;DVD-vidéo tous publics;122;La chasse;
139;Nouveauté;121;Les anges meurent de nos blessures;Khadra, Yasmina
142;Bande dessinée jeunesse;119;Aya de Yopougon. 6;Abouet, Marguerite
148;DVD-vidéo tous publics;117;Mad Men : saison 5;
153;DVD-vidéo tous publics;116;Cherchez Hortense;
154;Livre pour adulte;115;Le trône de fer : l'intégrale. 1;Martin, George R.R.
155;Nouveauté;115;La muraille de lave;Arnaldur Indridason
169;;111;Miséricorde;Adler-Olsen, Jussi
172;Livre jeunesse;110;Rodrick fait sa loi;Kinney, Jeff
179;Bande dessinée jeunesse;109;Idylles;Neel, Julien
182;DVD-vidéo tous publics;109;Hugo Cabret;
189;Livre jeunesse;107;Le cycle d'Anathos : la marque du destin;Sobral, Patrick
197;DVD- vidéo > 12 ans;106;Des hommes sans loi;
198;Bande dessinée jeunesse >12 ans;105;J'irai voir Venise;Lyfoung, Patricia
201;DVD-vidéo tous publics;105;Homeland;
220;DVD-vidéo tous publics;100;Breaking bad : saison 4 ; Bryan Cranston, Anna Gunn, Aaron Paul..., act.;
230;;98;Garde tes larmes pour plus tard;Saint-André, Alix de
236;DVD-vidéo tous publics;96;Melancholia;
237;DVD-vidéo tous publics;96;Cloclo;
241;DVD- vidéo > 12 ans;95;Cogan - Killing Them Softly;
243;Bande dessinée jeunesse >12 ans;94;Lou !. 5;Neel, Julien
244;DVD- vidéo > 12 ans;94;Inglourious basterds;
252;DVD-vidéo tous publics;93;Blanche-Neige et le chasseur;
256;DVD-vidéo tous publics;92;Dark Shadows;
263;Bande dessinée jeunesse >12 ans;90;Mortebouse;Neel, Julien
281;DVD-vidéo tous publics;88;Gatsby le magnifique;
284;DVD-vidéo tous publics;87;A perdre la raison;
285;DVD-vidéo tous publics;87;The We and the I;
286;Nouveauté;87;Une chanson douce;Clark, Mary Higgins
292;;86;Qu'avons-nous fait de nos rêves ? : roman;Egan, Jennifer
297;Nouveauté;86;Le cas Eduard Einstein;Seksik, Laurent
301;DVD-vidéo tous publics;85;Ted;
303;Nouveauté;85;A l'encre russe : roman;Rosnay, Tatiana de
309;DVD-vidéo tous publics;84;Renoir;
312;DVD-vidéo tous publics;83;Avengers;
315;Nouveauté;83;Moment d'un couple;Alard, Nelly
319;Livre jeunesse;82;Le héros perdu;Riordan, Rick
324;DVD-vidéo tous publics;81;Mad men. Intégrale saison 3;
333;Livre pour adulte;80;Le problème Spinoza;Yalom, Irvin D.
335;Livre pour adulte;80;L'embellie : roman;Audur Ava Olafsdottir
341;DVD-vidéo tous publics;79;Downton Abbey. Saison 1. Disques 2 & 3;
343;DVD jeunesse;79;Les enfants loups, Ame & Yuki;
346;Nouveauté;78;Le siècle;Follett, Ken
347;DVD-vidéo tous publics;78;Shotgun stories;
353;Nouveauté;78;Tout s'est bien passé;Bernheim, Emmanuèle
355;Bande dessinée jeunesse;77;La pierre de Jovénia;Sobral, Patrick
359;Livre pour adulte;76;Barbe bleue : roman;Nothomb, Amélie
366;DVD-vidéo tous publics;75;Breaking bad. Intégrale saison 1;
384;DVD-vidéo tous publics;72;Asterix et Obélix : au service de sa Majesté;
386;Livre pour adulte;71;La reine dans le palais des courants d'air;Larsson, Stieg
387;DVD-vidéo tous publics;71;Before sunrise;Linklater, Richard
392;;71;Les Légendaires. 15. Amour mortel;Sobral, Patrick
407;DVD-vidéo tous publics;69;La délicatesse;
411;DVD- vidéo > 12 ans;69;Shadow Dancer;
416;Bande dessinée pour adulte;68;Grasse carcasse;Larcenet, Manu
425;Livre pour adulte;67;Le club des incorrigibles optimistes : roman;Guenassia, Jean-Michel
430;DVD-vidéo tous publics;67;The Deep Blue Sea;
432;DVD-vidéo tous publics;67;Anna Karénine;
433;;67;Saratoga Woods : roman;George, Elizabeth
463;Nouveauté disque compact;65;Jake Bugg;Bugg, Jake
466;Nouveauté disque compact;65;Pushin' against a stone;June, Valerie
471;Livre pour adulte;64;La dernière conquête du major Pettigrew;Simonson, Helen
472;Nouveauté;64;Sacrifices : roman;Lemaitre, Pierre
489;Livre de section jeunesse > 12 ans;62;Le voleur de foudre;Riordan, Rick
492;Livre pour adulte;62;Du côté de Castle Rock;Munro, Alice
494;Livre jeunesse;62;17 lunes;Stohl, Margaret
511;DVD-vidéo tous publics;61;Boardwalk Empire. Saison 2;
519;Livre pour adulte;60;Troisième humanité : roman;Werber, Bernard
525;Livre pour adulte;60;Ecoute la pluie : roman;Lesbre, Michèle
544;Bande dessinée jeunesse;58;Fairy Tail. 24;Mashima, Hiro
545;DVD-vidéo tous publics;58;Les nouveaux chiens de garde;
547;DVD-vidéo tous publics;58;Broken;
549;DVD jeunesse;58;Le monde fantastique d'Oz;
551;DVD-vidéo tous publics;57;There will be blood;
552;Bande dessinée jeunesse;57;Le clan du requin;Gazzotti, Bruno
555;DVD-vidéo tous publics;57;Mad men : saison 4 ; David Carbonara, comp. Jon Hamm, January Jones, Christina Hendricks..., act.;
560;DVD-vidéo tous publics;57;Le magasin des suicides;
565;Nouveauté;57;Les évaporés;Reverdy, Thomas B.
567;Livre pour adulte;56;L'ombre du vent : roman;Ruiz Zafòn, Carlos
569;Nouveauté;56;L'armée furieuse;Vargas, Fred
574;DVD-vidéo tous publics;56;Twixt;
579;Livre pour adulte;55;Belle du Seigneur;Cohen, Albert
584;Livre jeunesse;55;Journal d'un dégonflé. 1. Carnet de bord de Greg Heffley;Kinney, Jeff
9;;408;Le sermon sur la chute de Rome;Ferrari, Jérôme
12;Livre pour adulte;404;Le gardien de phare;Läckberg, Camilla
17;Nouveauté;346;Le vieux qui ne voulait pas fêter son anniversaire : roman;Jonasson, Jonas
18;;344;Inferno : roman;Brown, Dan
21;Nouveauté;315;Rien ne s'oppose à la nuit : roman;Vigan, Delphine de
24;DVD-vidéo tous publics;283;Argo;
25;;278;Demain, j'arrête;Legardinier, Gilles
29;DVD-vidéo tous publics;273;Camille redouble;
34;Livre pour adulte;264;Certaines n'avaient jamais vu la mer : roman;Otsuka, Julie
40;Livre pour adulte;249;Le roman du mariage;Eugenides, Jeffrey
41;DVD-vidéo tous publics;246;Take Shelter;
43;;240;Une fille, qui danse : roman;Barnes, Julian
45;Nouveauté disque compact;235;Random access memories;
49;Disque compact;219;Moonrise Kingdom;
58;Nouveauté;195;Ne t'éloigne pas;Coben, Harlan
62;DVD-vidéo tous publics;188;La part des anges;
71;DVD-vidéo tous publics;177;Borgen;
80;;165;Une danse avec les dragons;Martin, George R.R.
1000;Nouveauté;38;Absolument dé-bor-dée ! ou Le paradoxe du fonctionnaire;Shepard, Zoé
;;;;
84;DVD-vidéo tous publics;156;Les adieux à la reine;
87;DVD-vidéo tous publics;153;Le Hobbit;
89;DVD-vidéo tous publics;152;Margin Call;
90;DVD-vidéo tous publics;152;Les saveurs du palais;
101;DVD-vidéo tous publics;142;Lincoln;
111;DVD-vidéo tous publics;133;Royal Affair;
128;Bande dessinée pour adulte;125;Aya de Yopougon. 5;Abouet, Marguerite
136;DVD-vidéo tous publics;122;Du vent dans mes mollets;
138;DVD-vidéo tous publics;121;The Place Beyond the Pines;
143;Livre pour adulte;119;L'enfant allemand;Läckberg, Camilla
151;Nouveauté;117;Les perroquets de la place d'Arezzo;Schmitt, Éric-Emmanuel
160;Nouveauté;113;L'année du volcan : roman;Parot, Jean-François
167;Bande dessinée jeunesse;111;Le réveil du Kréa-Kaos;Sobral, Patrick
170;DVD- vidéo > 12 ans;111;Shame;
174;;110;Pourquoi être heureux quand on peut être normal ?;Winterson, Jeannette
178;DVD-vidéo tous publics;110;Au bout du conte;
184;Livre pour adulte;109;Les gens heureux lisent et boivent du café;Martin-Lugand, Agnès
186;Livre pour adulte;108;16 lunes;Garcia, Kami
188;Nouveauté;108;Trop de bonheur;Munro, Alice
191;DVD-vidéo tous publics;107;Sur la route;
193;DVD-vidéo tous publics;106;Incendies;
199;DVD-vidéo tous publics;105;Mad men. Intégrale Saison 1;
200;DVD-vidéo tous publics;105;Oslo 31 août;
202;DVD-vidéo tous publics;105;Alceste à bicyclette;
204;Livre jeunesse;104;Trop c'est trop;Kinney, Jeff
208;DVD-vidéo tous publics;102;Inception;
218;Bande dessinée jeunesse;100;L'Alystory;Sobral, Patrick
222;Livre pour adulte;99;La glace et le feu;Martin, George R. R.
228;Livre pour adulte;98;Lisbonne : 2013;Gloaguen, Philippe
233;DVD- vidéo > 12 ans;97;The Walking Dead;
240;Livre pour adulte;95;Congo, une histoire;Van Reybrouck, David
247;Nouveauté;94;Cyanure;Läckberg, Camilla
251;DVD-vidéo tous publics;93;Le grand soir;
253;Livre pour adulte;93;Italie du Nord : 2013 : sans la Toscane, l'Ombrie, les lacs italiens, Venise et Milan;Gloaguen, Philippe
258;DVD-vidéo tous publics;92;Le passé;
259;Bande dessinée jeunesse;91;Versus inferno;Sobral, Patrick
261;DVD-vidéo tous publics;91;Magic Mike;
265;Livre jeunesse;90;Ca fait suer ! : guide de survie en milieu hostile;Kinney, Jeff
273;;89;Bloody Miami;Wolfe, Tom
276;Nouveauté;89;La garçonnière;Grémillon, Hélène
278;;88;La vague fantôme;Muchamore, Robert
283;DVD-vidéo tous publics;87;Blue Valentine;
295;Nouveauté;86;Chronique d'hiver;Auster, Paul
304;Livre pour adulte;84;L'écume des jours;Vian, Boris
307;DVD-vidéo tous publics;84;La dame de fer;
308;Nouveauté disque compact;84;Vengeance;Biolay, Benjamin
310;;84;La cuisinière d'Himmler : roman;Giesbert, Franz-Olivier
314;Nouveauté;83;Jours de pouvoir : récit;Le Maire, Bruno
320;Livre pour adulte;82;Andalousie : 2013;Gloaguen, Philippe
321;DVD-vidéo tous publics;82;Les invisibles;
322;DVD-vidéo tous publics;81;Before sunset;Linklater, Richard
329;Livre pour adulte;81;A quelques secondes près;Coben, Harlan
342;DVD-vidéo tous publics;79;Les bêtes du sud sauvage;
348;Nouveauté;78;Les désorientés : roman;Maalouf, Amin
352;;78;Délivrance : roman;Adler-Olsen, Jussi
356;DVD-vidéo tous publics;77;Le ruban blanc;
362;Livre pour adulte;76;Comme les amours;Marias, Javier
363;Livre de Fonds spécialisés;75;Eichmann à Jérusalem : rapport sur la banalité du mal;Arendt, Hannah
364;Livre pour adulte;75;La princesse des glaces : roman;Läckberg, Camilla
365;Bande dessinée jeunesse >12 ans;75;Fairy Tail. 6;Mashima, Hiro
376;Bande dessinée pour adulte;73;Piégés;Kirkman, Robert
378;DVD-vidéo tous publics;73;Jane Eyre;
380;Bande dessinée pour adulte;72;Portugal;Pedrosa, Cyril
381;Bande dessinée pour adulte;72;Le petit juge de Melun;Nury, Fabien
397;DVD-vidéo tous publics;70;L'Apollonide, souvenirs de la maison close;
400;Nouveauté;70;Kinderzimmer;Goby, Valentine
417;Livre de section jeunesse > 12 ans;68;Vandales;Muchamore, Robert
418;Livre pour adulte;68;Londres : 2012;Gloaguen, Philippe
420;Nouveauté;68;Angle mort;Astier, Ingrid
421;Livre pour adulte;68;Portugal : 2013;Gloaguen, Philippe
422;DVD-vidéo tous publics;68;The Impossible;
423;Nouveauté;68;Les renards pâles;Haenel, Yannick
424;Bande dessinée pour adulte;68;Lucille...;Kirkman, Robert
435;Livre de section jeunesse > 12 ans;66;Arizona Max : mission 3;Muchamore, Robert
436;Bande dessinée jeunesse;66;Le cimetière des autobus;Neel, Julien
438;Revue pour adulte;66;60 millions de consommateurs : le magazine sans publicité;
439;DVD-vidéo tous publics;66;A serious man;
441;Bande dessinée pour adulte;66;Aux armes, citoyens !;Nury, Fabien
446;DVD-vidéo tous publics;66;Dexter;
451;Nouveauté;66;La violence des riches : chronique d'une immense casse sociale;Pinçon, Michel
528;DVD-vidéo tous publics;60;Effets secondaires;
532;DVD- vidéo > 12 ans;59;the Walking Dead;
534;Bande dessinée jeunesse;59;Chi, une vie de chat. 7;Konami, Kanata
546;DVD-vidéo tous publics;58;L'invraisemblable vérité ; La cinquième victime;
563;DVD-vidéo tous publics;57;La main dans la main;
573;Bande dessinée jeunesse;56;Le serment des cinq lords;Sente, Yves
580;DVD-vidéo tous publics;55;Harry Potter et le prisonnier d'Azkaban;Cuaron, Alfonso
583;Livre jeunesse;55;Les cairns rouges;Vehlmann, Fabien
587;Livre pour adulte;55;Allemagne : 2012;Gloaguen, Philippe
589;Livre pour adulte;54;Cartographie des nuages;Mitchell, David
597;DVD-vidéo tous publics;54;Game of Thrones. Saison 1. épisodes 1 & 2;
603;Nouveauté disque compact;54;Parcs;Belin, Bertrand
613;DVD-vidéo tous publics;53;Millénium. 3. La reine dans le palais des courants d'air;
626;;53;Astérix chez les Pictes;Ferri, Jean-Yves
631;DVD-vidéo tous publics;52;Harry Potter et l'Ordre du Phénix;
635;;52;La page blanche;Boulet
637;DVD-vidéo tous publics;52;La petite Venise;
641;Bande dessinée jeunesse;51;Seuls. 2. Le maître des couteaux;Gazzotti, Bruno
649;Livre pour adulte;51;Vietnam;Ray, Nick
651;Livre jeunesse;51;Coeur cerise;Cassidy, Cathy
655;DVD-vidéo tous publics;51;God Bless America;
659;Nouveauté;51;Dans le silence du vent : roman;Erdrich, Louise
664;Nouveauté disque compact;50;Same girl;Nah, Youn Sun
666;DVD-vidéo tous publics;50;Le cochon de Gaza;
668;DVD- vidéo > 12 ans;50;Millénium. 2. La fille qui rêvait d'un bidon d'essence et d'une allumette;
676;Nouveauté disque compact;50;Bankrupt !;
677;Livre pour adulte;50;Hollywood Babylone;Anger, Kenneth
680;DVD-vidéo tous publics;49;Sur écoute : Intégrale Saison 2;
688;DVD- vidéo > 12 ans;49;Dexter;
690;DVD jeunesse;49;Harry Potter et les reliques de la mort : parties 1 & 2;
691;Bande dessinée pour adulte;49;A nous deux, Paris !;Nishi, Jean-Paul
693;Livre pour adulte;49;Le code d'Esther;Benyamin, Bernard
695;Nouveauté;49;Comment trouver l'amour à cinquante ans quand on est parisienne : et autres questions capitales;Morin, Pascal
701;Nouveauté disque compact;49;AM;
702;Nouveauté disque compact;49;If you wait;
713;Nouveauté;48;Le dîner : roman;Koch, Herman
717;;48;Madère;Follet, Jean-Philippe
723;DVD-vidéo tous publics;48;De l'autre côté du périph;
729;DVD-vidéo tous publics;48;Queen of Montreuil;
731;DVD-vidéo tous publics;47;Un jour sans fin;Ramis, Harold
735;Revue pour adulte;47;Philosophie magazine;
743;DVD-vidéo tous publics;47;Very Bad Trip 2;
756;Nouveauté;47;La servante du Seigneur;Fournier, Jean-Louis
764;Livre pour adulte;46;Périnée : arrêtons le massacre ! : prévenir et réparer les erreurs répétées dans la vie quotidienne, la maternité, le sport...;Gasquet, Bernadette de
786;;45;En ville;Oster, Christian
788;;45;Qatar : les secrets du coffre-fort;Chesnot, Christian
794;Bande dessinée pour adulte;44;Le goût du chlore;Vivès, Bastien
797;Livre de section jeunesse > 12 ans;44;Le grand jeu;Muchamore, Robert
799;Bande dessinée jeunesse;44;Fairy Tail. 20;Mashima, Hiro
807;DVD-vidéo tous publics;44;38 témoins;
809;DVD- vidéo > 12 ans;44;Engrenages ; Alexandra Clert, Guy-Patrick Sainderichin, adapt., Thierry Godard, Audrey Fleurot, Philippe Duclos, Grégory Fitoussi, Caroline Proust, ... act.;
811;Bande dessinée jeunesse;44;Fairy Tail. 26;Mashima, Hiro
812;Nouveauté;44;Hopper;
814;DVD-vidéo tous publics;44;Le boss;
816;Livre pour adulte;44;Yellow birds : roman;Powers, Kevin
823;Bande dessinée jeunesse >12 ans;43;Le vieux schnock;Oda, Eiichiro
830;Nouveauté;43;Purge;Oksanen, Sofi
839;DVD-vidéo tous publics;43;Tous au Larzac;
840;DVD- vidéo > 12 ans;43;Breaking bad. Saison 3. épisodes 1 à 7 ; Bryan Cranston, Aaron Paul act.;
849;Nouveauté;43;Le manipulateur : roman;Grisham, John
850;Livre pour adulte;43;Le bûcher des vanités;Wolfe, Tom
852;DVD-vidéo tous publics;43;Hannah Arendt;
854;DVD-vidéo tous publics;42;Fenetre sur cour;Hitchcock, Alfred
855;DVD-vidéo tous publics;42;Douze hommes en colère;Lumet, Sidney
858;DVD-vidéo tous publics;42;Les deux tours;Jackson, Peter
865;DVD-vidéo tous publics;42;Percy Jackson, le voleur de foudre;
872;DVD-vidéo tous publics;42;Mad men. Saison 4. épisodes 1 à 3 ; David Carbonara, comp., Jon Hamm, January Jones, Christina Hendricks..., act.;
886;Nouveauté;42;Quattrocento;Greenblatt, Stephen
889;Nouveauté disque compact;42;Right thoughts, right words, right action;
891;Livre pour adulte;42;L'analphabète qui savait compter;Jonasson, Jonas
896;Bande dessinée jeunesse;41;Main du futur;Sobral, Patrick
900;DVD-vidéo tous publics;41;Sur écoute : saison 4 ; Dominic West, John Doman, Frankie Faison, Aidan Gillen..., act., West, Dominic
912;DVD-vidéo tous publics;41;Louise Wimmer;
920;Livre pour adulte;40;Voyage au bout de la nuit;Céline, Louis-Ferdinand
929;Livre de section jeunesse > 12 ans;40;Journal d'un vampire. 2;Smith, Lisa Jane
931;DVD-vidéo tous publics;40;Tomboy;
936;Nouveauté;40;L'amour sans le faire;Joncour, Serge
939;Disque compact;40;Skyfall : BO du film de Sam Mendès;Newman, Thomas
946;Livre pour adulte;40;Palladium;Razon, Boris
948;DVD-vidéo tous publics;40;Man of Steel;
952;Livre de Fonds spécialisés;39;Dans les pas de Hannah Arendt;Adler, Laure
958;Nouveauté;39;Métronome : l'histoire de France au rythme du métro parisien;Deutsch, Lorant
961;DVD-vidéo tous publics;39;Lola;
964;Bande dessinée pour adulte;39;Fairy Tail. 14;Mashima, Hiro
970;Livre jeunesse;39;Inazuma eleven. 4;Yabuno, Tenya
981;DVD-vidéo tous publics;39;Des saumons dans le désert;
991;DVD-vidéo tous publics;38;Sueurs froides;Hitchcock, Alfred
998;DVD-vidéo tous publics;38;À bord du Darjeeling limited;
521;Nouveauté;60;Les deux messieurs de Bruxelles;Schmitt, Éric-Emmanuel
524;Nouveauté;60;Profanes : roman;Benameur, Jeanne
527;DVD-vidéo tous publics;60;Perfect Mothers;
529;Livre jeunesse;59;La mer des monstres;Riordan, Rick
530;Bande dessinée jeunesse >12 ans;59;Fairy Tail. 4;Mashima, Hiro
535;Livre pour adulte;59;Canaries;Quintero, Josephine
537;Livre pour adulte;59;Le meilleur médicament, c'est vous !;Saldmann, Frédéric
540;Livre jeunesse;58;Le feuilleton d'Hermès : la mythologie grecque en cent épisodes;Szac, Murielle
541;Bande dessinée jeunesse >12 ans;58;Fairy Tail. 8;Mashima, Hiro
542;Bande dessinée pour adulte;58;Un monde parfait;Kirkman, Robert
543;Livre pour adulte;58;Portugal : 2012;Gloaguen, Philippe
550;Livre pour adulte;57;Imparfaits, libres et heureux : pratiques de l'estime de soi;André, Christophe
554;Livre pour adulte;57;Apprends-moi à faire seul : la pédagogie Montessori expliquée aux parents;Poussin, Charlotte
558;Nouveauté;57;Une semaine de vacances;Angot, Christine
559;Nouveauté;57;Anima;Mouawad, Wajdi
570;DVD- vidéo > 12 ans;56;We need to talk about Kevin;
578;Nouveauté;56;Danse noire;Huston, Nancy
590;DVD-vidéo > 16 ans;54;Pusher : la trilogie;Winding Refn, Nicolas
593;Livre pour adulte;54;Le chagrin : roman;Duroy, Lionel
594;DVD-vidéo tous publics;54;le nom des gens;
602;Nouveauté disque compact;54;Psycho Tropical Berlin;
606;Disque compact;53;19;Adkins, Adele
607;Livre jeunesse;53;Le sort du Titan;Riordan, Rick
608;Bande dessinée pour adulte;53;Fairy Tail. 13;Mashima, Hiro
621;Nouveauté;53;Made in Germany : le modèle allemand au-delà des mythes;Duval, Guillaume
625;DVD-vidéo tous publics;53;Promised Land;
633;Livre pour adulte;52;Avant d'aller dormir;Watson, S. J.
634;Nouveauté;52;Les souvenirs;Foenkinos, David
639;Nouveauté;52;La soeur de l'ombre;MacDonald, Patricia J.
644;Livre pour adulte;51;L'écrivain de la famille : roman;Delacourt, Grégoire
646;DVD-vidéo tous publics;51;Treme;
650;Bande dessinée jeunesse;51;Chi, une vie de chat. 8;Konami, Kanata
652;Livre jeunesse;51;Kane Chronicles. 2. Le trône de feu;Riordan, Rick
669;Bande dessinée jeunesse;50;Switch girl !!. 15;Aida, Natsumi
672;Livre pour adulte;50;Marseille-Provence 2013, capitale européenne de la culture;Gloaguen, Philippe
673;Nouveauté;50;Des clous dans le coeur : roman;Thiéry, Danielle
679;Livre pour adulte;49;No et moi : roman;Vigan, Delphine de
686;Bande dessinée jeunesse;49;Inazuma eleven. 2;Yabuno, Tenya
692;;49;Fifty shades of Grey;James, E. L.
696;Nouveauté;49;Dix rêves de pierre : nouvelles;Le Callet, Blandine
699;DVD-vidéo tous publics;49;Foxfire, confessions d'un gang de filles;
705;Livre pour adulte;48;Fuir : roman;Toussaint, Jean-Philippe
710;DVD-vidéo tous publics;48;Les enfants du paradis : 1ère époque et 2ème époque;
716;Livre pour adulte;48;Sicile : 2012;Gloaguen, Philippe
725;Nouveauté disque compact;48;Modern vampires of the city;
727;DVD-vidéo tous publics;48;Warm Bodies - Renaissance;
744;Bande dessinée jeunesse;47;Le bal de printemps;Algésiras
754;DVD-vidéo tous publics;47;Möbius;
758;DVD-vidéo tous publics;46;Playtime;Tati, Jacques
762;Nouveauté;46;La carte et le territoire : roman;Houellebecq, Michel
773;Livre pour adulte;46;Je suis à l'Est ! : savant et autiste : un témoignage unique;Schovanec, Josef
774;Livre pour adulte;46;Un homme effacé : roman;Postel, Alexandre
776;DVD-vidéo tous publics;46;Molière;Mnouchkine, Ariane
781;DVD- vidéo > 12 ans;45;Shutter island;
783;Nouveauté;45;Pour seul cortège : roman;Gaudé, Laurent
785;Nouveauté;45;La guérison du monde;Lenoir, Frédéric
796;DVD jeunesse;44;Ponyo sur la falaise;Miyazaki, Hayao
803;Livre pour adulte;44;Budapest, Hongrie 2012-2013;Gloaguen, Philippe
805;Livre pour adulte;44;Le vieux qui ne voulait pas fêter son anniversaire;Jonasson, Jonas
806;Livre pour adulte;44;Nouveau code de la route 2013;Orval, Thierry
810;;44;Guide des 4.000 médicaments utiles, inutiles ou dangereux : au service des malades et des praticiens;Even, Philippe
813;DVD-vidéo tous publics;44;In another country;
815;Livre pour adulte;44;Le prénom;
819;Nouveauté;44;Ormuz;Rolin, Jean
822;Bande dessinée jeunesse >12 ans;43;La grande promesse;Oda, Eiichiro
824;Livre pour adulte;43;Kafka sur le rivage;Murakami, Haruki
831;Livre pour adulte;43;New York City : le guide;Otis, Ginger Adams
834;Livre pour adulte;43;Une femme fuyant l'annonce : roman;Grossman, David
835;Nouveauté;43;Le Chinois;Mankell, Henning
844;Livre pour adulte;43;Le braconnier du lac perdu : roman;May, Peter
845;DVD- vidéo > 12 ans;43;Expendables 2 : unité spéciale;
846;Nouveauté;43;Le bleu de la nuit;Didion, Joan
847;Livre jeunesse;43;La singulière tristesse du gâteau au citron;Bender, Aimee
851;DVD-vidéo tous publics;43;Hotel Transylvanie;
859;Livre pour adulte;42;Maîtriser les tableaux et graphiques croisés dynamiques avec Excel 2007;Jelen, Bill
874;Nouveauté;42;Rue des voleurs;Énard, Mathias
876;DVD-vidéo tous publics;42;Fringe : saison 4 ; John Noble, Joshua Jackson, Anna Torv..., act.;
877;DVD-vidéo tous publics;42;L'étrange pouvoir de Norman;
904;Livre pour adulte;41;Berlin : le guide;Schulte-Peevers, Andrea
908;Livre pour adulte;41;Italie du Sud : 2012 : sans Rome ni la Sicile;Gloaguen, Philippe
915;Nouveauté;41;Patients;Grand corps malade
921;Livre pour adulte;40;Harry Potter à l'école des sorciers;Rowling, Joanne Kathleen
924;DVD-vidéo tous publics;40;Peau d'âne;Demy, Jacques
932;Livre pour adulte;40;Assistant des bibliothèques : épreuves écrites et orale : catégorie B, tout le concours;Brunet, Jérome
941;;40;Born to die : The paradise edition;Del Rey, Lana
953;DVD-vidéo tous publics;39;La porte du paradis;Cimino, Michael
954;DVD-vidéo tous publics;39;Little Odessa;Gray, James
957;Bande dessinée jeunesse >12 ans;39;Ma première fois !;Darasse
960;DVD-vidéo tous publics;39;Avatar;
971;Livre jeunesse;39;Baisers et coquillages;Tessier, Grégory
975;DVD-vidéo tous publics;39;Les neiges du Kilimandjaro;
978;DVD-vidéo tous publics;39;Louise Wimmer;
983;Nouveauté;39;Grands-parents : à vous de jouer;Rufo, Marcel
995;DVD-vidéo tous publics;38;Rebecca;Hitchcock, Alfred
996;Livre de section jeunesse > 12 ans;38;Sang pour sang : mission 6;Muchamore, Robert
495;Livre pour adulte;62;Tokyo, Kyoto et environs : 2012-2013;Gloaguen, Philippe
497;Livre pour adulte;62;A game of thrones;Martin, George R. R.
498;DVD-vidéo tous publics;62;La nuit du chasseur;Laughton, Charles
499;Livre pour adulte;62;Languedoc-Roussillon : 2013;Gloaguen, Philippe
501;DVD-vidéo tous publics;62;Sublimes créatures;
504;Bande dessinée pour adulte;61;Le vol noir des corbeaux;Nury, Fabien
505;DVD-vidéo tous publics;61;Dans ses yeux;
507;DVD-vidéo tous publics;61;Harry Potter et les reliques de la mort, partie 1;
520;Livre pour adulte;60;Thaïlande : Texte imprimé : + plongées : 2013;Gloaguen, Philippe
522;DVD jeunesse;60;Sur la piste du marsupilami;
526;DVD-vidéo tous publics;60;Les mondes de Ralph;
531;Livre pour adulte;59;Vers la sobriété heureuse;Rabhi, Pierre
539;Livre de Fonds spécialisés;58;Aucun de nous ne reviendra;Delbo, Charlotte
553;Livre pour adulte;57;Dieu voyage toujours incognito;Gounelle, Laurent
556;Disque compact;57;Born to die;Del Rey, Lana
557;DVD-vidéo tous publics;57;Boardwalk Empire;
561;Livre pour adulte;57;Barcelone : 2013;Gloaguen, Philippe
562;Livre pour adulte;57;Il;Van Arman, Derek
566;DVD-vidéo tous publics;56;Harry Potter et la chambre des secrets;Columbus, Chris
571;Bande dessinée jeunesse;56;Fairy Tail. 25;Mashima, Hiro
581;Livre pour adulte;55;Psychothérapie d'un Indien des Plaines : réalité et rêve;Devereux, Georges
582;DVD-vidéo tous publics;55;Two lovers;Gray, James
598;Livre jeunesse;54;La guerre des clans : le pouvoir des étoiles. 3. Banni;Hunter, Erin
599;DVD-vidéo tous publics;54;Faust;
600;DVD jeunesse;54;Les cinq légendes;
609;Bande dessinée jeunesse >12 ans;53;Je savais que je te rencontrerais;Lyfoung, Patricia
620;Nouveauté;53;Le philosophe qui n'était pas sage;Gounelle, Laurent
627;Livre jeunesse;52;Minuit;Hunter, Erin
629;DVD-vidéo tous publics;52;La grande vadrouille;
630;Bande dessinée jeunesse;52;Au coeur du maelström;Vehlmann, Fabien
638;DVD- vidéo > 12 ans;52;Les revenants. Saison 1. Episode 1 à 3;
640;Livre pour adulte;52;D'eau et de feu;Bourdin, Françoise
643;Livre pour adulte;51;Le trône de fer : l'intégrale. 2;Martin, George R.R.
645;Livre pour adulte;51;Iles grecques et Athènes : 2012;Gloaguen, Philippe
653;Nouveauté disque compact;51;Lescop;Lescop
660;DVD-vidéo tous publics;51;Les gamins;
662;Bande dessinée pour adulte;50;Ceux qui restent;Kirkman, Robert
663;DVD-vidéo tous publics;50;Les moissons du ciel;
667;Nouveauté;50;Pablo. 1. Max Jacob;Birmant, Julie
684;DVD-vidéo tous publics;49;Potiche;
697;DVD-vidéo tous publics;49;Comme des frères;
700;Livre pour adulte;49;Le fil des souvenirs : roman;Hislop, Victoria
703;Livre pour adulte;49;Mudwoman;Oates, Joyce Carol
704;Nouveauté disque compact;49;Reflektor;
708;DVD-vidéo tous publics;48;Les Mystérieuses cités d'or : Intégrale (L');
712;DVD-vidéo tous publics;48;Des hommes et des dieux;
714;;48;Adieu;Expert, Jacques
715;Livre pour adulte;48;Karoo : roman;Tesich, Steve
721;Nouveauté;48;L'atelier des miracles : roman;Tong Cuong, Valérie
722;DVD-vidéo tous publics;48;Les seigneurs;
724;Nouveauté;48;Passion arabe : journal, 2011-2013;Kepel, Gilles
733;Bande dessinée jeunesse;47;In-fer-naux !;Dutto, Olivier
737;Livre de section jeunesse > 12 ans;47;La Cité des ténèbres. 2. L'épée mortelle;Clare, Cassandra
738;DVD-vidéo tous publics;47;Démineurs;
747;DVD-vidéo tous publics;47;Mission : impossible - Protocole fantôme;
749;Bande dessinée pour adulte;47;Les autres gens. 8-9;Cadène, Thomas
752;Nouveauté disque compact;47;Overgrown;Blake, James
753;DVD-vidéo tous publics;47;7 psychopathes;
757;DVD-vidéo tous publics;47;Star Trek Into Darkness;
759;Livre pour adulte;46;Cessez d'être gentil soyez vrai : être avec les autres en restant soi-même;D'Ansembourg, Thomas
760;Bande dessinée jeunesse >12 ans;46;Fairy Tail. 10;Mashima, Hiro
761;DVD-vidéo tous publics;46;Citizen Kane;
765;;46;L'enfance d'Alan;Guibert, Emmanuel
767;DVD-vidéo tous publics;46;Nouveau départ;
768;DVD-vidéo tous publics;46;Welcome in Vienna;
779;Livre jeunesse;45;Un air de famille;Cazenove
780;Livre pour adulte;45;Les heures souterraines : roman;Vigan, Delphine de
782;DVD-vidéo tous publics;45;Le cheval de Turin;
784;DVD-vidéo tous publics;45;The Dictator;
793;DVD-vidéo tous publics;44;Ceux qui m'aiment prendront le train;Chéreau, Patrice
795;Livre jeunesse;44;C'est elle qui a commencé;Cazenove, Christophe
801;Nouveauté;44;Les sauvages. 1;Louatah, Sabri
808;Bande dessinée jeunesse;44;Switch girl !!. 16;Aida, Natsumi
817;Nouveauté disque compact;44;Outrun;Kavinsky
818;Nouveauté disque compact;44;Cyclo;Zazie
821;DVD-vidéo tous publics;43;Les parapluies de Cherbourg;Demy, Jacques
826;Livre pour adulte;43;Seul dans Berlin;Fallada, Hans
827;Livre pour adulte;43;La délicatesse : roman;Foenkinos, David
829;Livre pour adulte;43;L'homme qui voulait être heureux;Gounelle, Laurent
833;Livre pour adulte;43;L'art français de la guerre;Jenni, Alexis
836;DVD-vidéo tous publics;43;Contagion;
841;Bande dessinée pour adulte;43;La multitude invisible;Peeters, Frederik
842;Nouveauté;43;Le jeu des ombres;Erdrich, Louise
843;;43;Dragons contre démons : roman;Audouin-Mamikonian, Sophie
848;DVD-vidéo tous publics;43;Au-delà des collines;
853;Livre pour adulte;42;Les mots sont des fenetres (ou bien ce sont des murs) : introduction à la communication non violente;Rosenberg, Marshall B.
857;Livre pour adulte;42;Fragments d'un discours amoureux;Barthes, Roland
870;Bande dessinée pour adulte;42;Habibi;Thompson, Craig
883;Nouveauté disque compact;42;The Lumineers;
884;Livre pour adulte;42;Iles grecques et Athènes : sans la Crète et les îles Ioniennes : 2013-2014;Gloaguen, Philippe
888;Livre de section jeunesse > 12 ans;42;Cherub. Mission 1. 100 jours en enfer;Muchamore, Robert
892;Livre pour adulte;41;L'étranger;Camus, Albert
898;Livre pour adulte;41;Robe de marié;Lemaître, Pierre
899;Livre jeunesse;41;Clair de lune;Hunter, Erin
906;Livre pour adulte;41;Le pacte;Kepler, Lars
907;Livre pour adulte;41;Chine;
909;Bande dessinée jeunesse;41;Fairy Tail. 23;Mashima, Hiro
918;DVD-vidéo tous publics;41;La rivière rouge;
922;Bande dessinée jeunesse;40;OK, let's stand up !;Oda, Eiichiro
925;Bande dessinée pour adulte;40;Maus : un survivant raconte;Spiegelman, Art
585;Livre pour adulte;55;Les écureuils de Central Park sont tristes le lundi : roman;Pancol, Katherine
586;DVD-vidéo tous publics;55;Pina;
588;DVD-vidéo tous publics;55;The Amazing Spider-man;
591;DVD-vidéo tous publics;54;Les Vacances de Monsieur Hulot;
595;Livre jeunesse;54;La guerre des clans : le pouvoir des étoiles. 1. Vision;Hunter, Erin
596;Livre pour adulte;54;La troisième révolution industrielle : comment le pouvoir latéral va transformer l'énergie, l'économie et le monde;Rifkin, Jeremy
601;Nouveauté disque compact;54;Après moi le déluge;Beaupain, Alex
605;Bande dessinée pour adulte;53;L'echappé;Rochette, Jean-Marc
610;DVD- vidéo > 12 ans;53;No country for old men;
614;Livre jeunesse;53;La guerre des clans : le pouvoir des étoiles. 2. Rivière noire;Hunter, Erin
616;Bande dessinée pour adulte;53;La grande odalisque;Vivès, Bastien
618;Livre pour adulte;53;Rome : 2013;Gloaguen, Philippe
622;Bande dessinée jeunesse;53;Lou !. 6. L'âge de cristal;Neel, Julien
624;Nouveauté;53;Le livre du roi;Arnaldur Indridason
658;Nouveauté;51;La saison de l'ombre : roman;Miano, Léonora
665;;50;L'appel de l'ange : roman;Musso, Guillaume
670;Livre pour adulte;50;Croatie : 2012-2013;
678;DVD-vidéo tous publics;50;Quartet;
681;Bande dessinée pour adulte;49;Dans l'oeil du cyclone;Kirkman, Robert
682;Bande dessinée pour adulte;49;Vers quel avenir ?;Kirkman, Robert
683;Livre pour adulte;49;Rosa candida;Olafsdottir, Audur Ava
685;DVD-vidéo tous publics;49;Les émotifs anonymes;
689;Nouveauté;49;Betty;Arnaldur Indridason
694;Enregistrement musical pour la jeunesse;49;Birdy;Birdy
707;Livre pour adulte;48;Jean-Charles Gateau présente Capitale de la douleur de Paul Eluard;Gateau, Jean-Charles
719;DVD-vidéo tous publics;48;Radiostars;
726;DVD-vidéo tous publics;48;Jappeloup;
728;DVD-vidéo tous publics;48;Downton Abbey. Saison 2. Episodes 1 à 6;
730;Livre pour adulte;48;L'identité malheureuse;Finkielkraut, Alain
732;Livre de section jeunesse > 12 ans;47;Les survivants : mission 5;Muchamore, Robert
736;Livre pour adulte;47;Trois femmes puissantes : roman;NDiaye, Marie
739;Bande dessinée jeunesse;47;Fairy Tail. 12;Mashima, Hiro
740;Livre pour adulte;47;Indonésie;
746;DVD-vidéo tous publics;47;Crazy stupid love;
748;DVD-vidéo tous publics;47;Sherlock Holmes - Jeu d'ombres;
750;Livre jeunesse;47;Héros de l'Olympe. 3. La marque d'Athéna;Riordan, Rick
755;DVD-vidéo tous publics;47;Iron Man 3;
766;Bande dessinée pour adulte;46;Magasin général. 8;Loisel, Régis
769;Livre pour adulte;46;Bruxelles : 2013;Gloaguen, Philippe
770;Bande dessinée jeunesse;46;Switch girl !!. 18;Aida, Natsumi
771;Bande dessinée jeunesse;46;Fairy Tail. 27;Mashima, Hiro
778;Livre de section jeunesse > 12 ans;45;Chute libre;Muchamore, Robert
787;Livre jeunesse;45;Le dernier gardien;Colfer, Eoin
791;DVD-vidéo tous publics;45;Le temps de l'aventure;
798;Livre pour adulte;44;Portugal;
800;Nouveauté disque compact;44;Drive : original motion picture score;
802;;44;Ariol. 7. Le maître-chien;Guibert, Emmanuel
828;Bande dessinée jeunesse >12 ans;43;Fairy Tail. 9;Mashima, Hiro
837;DVD-vidéo tous publics;43;La source des femmes;
838;DVD-vidéo tous publics;43;This Must be the Place;
860;DVD-vidéo tous publics;42;Sur écoute : Intégrale Saison 3;
861;DVD-vidéo > 16 ans;42;Reservoir dogs;Tarantino, Quentin
866;Livre pour adulte;42;Dôme. 2;King, Stephen
868;Nouveauté;42;Du domaine des murmures;Martinez, Carole
869;Bande dessinée jeunesse;42;Inazuma eleven. 3;Yabuno, Tenya
873;DVD-vidéo tous publics;42;Young adult;
878;DVD-vidéo tous publics;42;Reality;
880;Livre pour adulte;42;Toscane, Ombrie : 2013;Gloaguen, Philippe
881;Nouveauté disque compact;42;Nova tunes 2.7;
885;DVD-vidéo tous publics;42;True blood. Saison 5;
887;Livre pour adulte;42;Quand les colombes disparurent : roman;Oksanen, Sofi
894;Livre pour adulte;41;Le donjon rouge;Martin, George R. R.
897;Livre jeunesse;41;A la mode de chez nous;Cazenove
902;DVD jeunesse;41;Fantastic Mr. Fox;
913;Nouveauté;41;Liquidations à la grecque : roman;Márkaris, Pétros
914;Bande dessinée pour adulte;41;Le Nao de Brown;Dyllon, Glyn
916;Nouveauté disque compact;41;Le salon des refusées;Diterzi, Claire
919;DVD-vidéo tous publics;41;Une nouvelle chance;
923;DVD-vidéo tous publics;40;Harry Potter à l'école des sorciers;Columbus, Chris
926;Disque compact;40;Voyage;Nah, Youn Sun
928;Livre de section jeunesse > 12 ans;40;Crash;Muchamore, Robert
945;;40;Pour trois couronnes : roman;Garde, François
949;DVD-vidéo tous publics;39;Chantons sous la pluie;Kelly, Gene
962;DVD-vidéo tous publics;39;Very bad trip;
963;Livre pour adulte;39;Le trône de fer : l'intégrale. 3;Martin, George R. R.
967;DVD-vidéo tous publics;39;Les amours imaginaires;
980;Livre pour adulte;39;Les filles au chocolat. 3. Coeur mandarine;Cassidy, Cathy
987;DVD-vidéo tous publics;39;Violence et passion;
989;DVD-vidéo tous publics;39;Mariage à l'anglaise;
990;Bande dessinée jeunesse >12 ans;38;Une jeune fille en pleurs;Oda, Eiichiro
992;DVD-vidéo tous publics;38;Six feet under . :;
4;Nouveauté;455;1Q84. 3. Octobre-décembre;Murakami, Haruki
6;Livre de section jeunesse > 12 ans;435;L'embrasement;Collins, Suzanne
11;Bande dessinée pour adulte;405;Quai d'Orsay : chroniques diplomatiques. 1;Blain, Christophe
23;;299;Les apparences;Flynn, Gillian
30;;272;Heureux les heureux;Reza, Yasmina
32;Nouveauté;266;Un sentiment plus fort que la peur : roman;Lévy, Marc
39;Livre pour adulte;249;Une place à prendre;Rowling, Joanne Kathleen
42;;244;Amour;
452;Bande dessinée jeunesse;65;Sale temps pour les moches;Delaf
453;Livre pour adulte;65;Fairy Tail. 5;Mashima, Hiro
461;Livre pour adulte;65;Amsterdam et ses environs : 2013 : + Rotterdam, Delft et La Haye;Gloaguen, Philippe
462;DVD en audio-description;65;Associés contre le crime...;
465;;65;Ils vivent la nuit;Lehane, Dennis
474;Bande dessinée jeunesse;63;Main du futur;Sobral, Patrick
475;Bande dessinée pour adulte;63;Les chasseurs;Kirkman, Robert
477;Nouveauté;63;Sous haute tension;Coben, Harlan
482;DVD-vidéo tous publics;63;Frankenweenie;
484;Nouveauté disque compact;63;Lento;Sun Nah, Youn
486;Nouveauté;63;Le garçon incassable;Seyvos, Florence
487;;63;Billie;Gavalda, Anna
490;Bande dessinée jeunesse >12 ans;62;Les liens de l'amitié;Delaf
496;Livre pour adulte;62;Arab jazz;Hamy, Viviane
508;Bande dessinée jeunesse;61;Chi, une vie de chat. 5;Konami, K.
509;Livre pour adulte;61;Voile rouge : une enquête de Kay Scarpetta;Cornwell, Patricia
514;Bande dessinée jeunesse >12 ans;60;Aux prises avec baggy et ses hommes !;Oda, Eiichiro
516;Bande dessinée jeunesse >12 ans;60;Fairy Tail. 7;Mashima, Hiro
518;DVD-vidéo tous publics;60;Damages;
523;Livre pour adulte;60;Adèle et moi : roman;Wolkenstein, Julie
533;Livre pour adulte;59;Berlin : 2012;Gloaguen, Philippe
536;Bande dessinée pour adulte;59;Vingt-trois prostituées;Brown, Chester
538;Livre pour adulte;59;Le capital au XXIe siècle;Piketty, Thomas
548;DVD-vidéo tous publics;58;Le capital;
564;Nouveauté disque compact;57;Recto verso;Zaz
568;DVD-vidéo tous publics;56;A propos d'Elly;
572;Disque compact;56;Wind;Maalouf, Ibrahim
575;DVD- vidéo > 12 ans;56;Real Humans;
576;Livre pour adulte;56;Purgatoire des innocents;Giebel, Karine
577;DVD-vidéo tous publics;56;20 ans d'écart;
592;Livre jeunesse;54;Nuit étoilée;Hunter, Erin
604;DVD-vidéo tous publics;54;Sous surveillance;
611;;53;Steve Jobs;Isaacson, Walter
612;Livre pour adulte;53;Barcelone : 2012;Gloaguen, Philippe
615;Livre pour adulte;53;Thaïlande;
617;Nouveauté disque compact;53;Coexist;
619;DVD-vidéo tous publics;53;Les enfants de Belle Ville;
623;DVD-vidéo tous publics;53;Le monde de Charlie;
628;Bande dessinée jeunesse;52;Une vie de souffrance;Kirkman, Robert
632;Livre jeunesse;52;Crépuscule;Hunter, Erin
636;;52;La formule de Dieu : l'énigme d'Einstein;Santos, José Rodrigues dos
642;Livre pour adulte;51;Faire l'amour : roman;Toussaint, Jean-Philippe
647;Bande dessinée jeunesse;51;Danaël;Sobral, Patrick
648;Nouveauté;51;Avenue des géants;Dugain, Marc
654;DVD- vidéo > 12 ans;51;Les revenants;
656;Nouveauté;51;Le flûtiste invisible : roman;Labro, Philippe
657;Livre pour adulte;51;La conjuration primitive : roman;Chattam, Maxime
661;DVD- vidéo > 12 ans;50;Sur écoute . :;Johnson, Clark
671;Livre jeunesse;50;Coeur guimauve;Cassidy, Cathy
674;Livre pour adulte;50;Corse : 2013;Gloaguen, Philippe
675;Livre pour adulte;50;Un avion sans elle : roman;Bussi, Michel
687;Livre pour adulte;49;Amsterdam et ses environs : 2012 : + Rotterdam, Delft et La Haye;Gloaguen, Philippe
698;Nouveauté disque compact;49;Delta machine;
706;Bande dessinée jeunesse >12 ans;48;A l'aube d'une grande aventure;Oda, Eiichiro
709;DVD-vidéo tous publics;48;Les noces rebelles;
711;DVD-vidéo tous publics;48;La jetée : un photo-roman;
718;DVD-vidéo tous publics;48;Men in Black 3;
720;Disque compact;48;Unapologetic;Rihanna
734;Livre jeunesse;47;Journal d'un dégonflé : carnet de bord de Greg Heffley;Kinney, Jeff
741;DVD-vidéo tous publics;47;Red;
742;DVD-vidéo tous publics;47;Biutiful;
745;Livre pour adulte;47;Gatsby le Magnifique;Fitzgerald, Francis Scott
751;Nouveauté;47;Impurs : roman;Vann, David
763;Bande dessinée jeunesse;46;Chi, une vie de chat. 1;Konami, K.
772;Livre pour adulte;46;Sur les épaules de Darwin, sur les épaules des géants : les battements du temps;Ameisen, Jean-Claude
775;Nouveauté;46;Vertiges : roman;Duroy, Lionel
777;DVD jeunesse;45;Mon oncle;Tati, Jacques
789;DVD-vidéo tous publics;45;Syngué Sabour;
790;Nouveauté;45;Chrysis : portrait de l'amour;Fergus, Jim
792;Livre pour adulte;44;Un bonheur parfait;Salter, James
804;;44;Terres de sang : l'Europe entre Hitler et Staline;Snyder, Timothy
820;Bande dessinée jeunesse >12 ans;43;Un chemin en pente raide;Oda, Eiichiro
825;Livre pour adulte;43;Travail soigné : une enquete de Camille Verhoeven;Lemaître, Pierre
832;Disque compact;43;Poor boy, Lucky man;Avidan, Asaf
856;Bande dessinée jeunesse >12 ans;42;Pour qui sonne le glas;Oda, Eiichiro
862;Bande dessinée pour adulte;42;Maus : un survivant raconte;Spiegelman, Art
863;Livre jeunesse;42;La guerre des clans : la dernière prophétie. 3. Aurore;Hunter, Erin
864;Bande dessinée jeunesse;42;C'est nikol crème !;Cazenove, Christophe
867;Livre pour adulte;42;Le passager;Grangé, Jean-Christophe
871;DVD- vidéo > 12 ans;42;Un prophète;
875;Disque compact;42;Lonerism;
879;DVD en audio-description;42;Taken 2;
882;Nouveauté;42;Histoire d'une femme libre : récit;Giroud, Françoise
890;DVD-vidéo tous publics;42;A la merveille;
893;DVD-vidéo tous publics;41;Harry Potter et la coupe de feu;Newell, Mike
895;Bande dessinée pour adulte;41;Les gouttes de Dieu. 2;Agi, Tadashi
901;Livre pour adulte;41;Naples et la Côte amalfitaine;Bonetto, Cristian
903;DVD-vidéo tous publics;41;Breaking bad. Saison 2. épisodes 1 à 7;
905;DVD-vidéo tous publics;41;Somewhere;
910;Livre pour adulte;41;Iles grecques et Athènes;
911;Bande dessinée jeunesse;41;Koibana : l'amour malgré tout. 3;Nagamu, Nanaji
917;DVD-vidéo tous publics;41;J'enrage de son absence;
927;Livre de section jeunesse > 12 ans;40;Mad dogs;Muchamore, Robert
930;DVD-vidéo tous publics;40;La menace fantôme;Lucas, George
933;Bande dessinée pour adulte;40;Fairy Tail. 22;Mashima, Hiro
937;DVD-vidéo tous publics;40;Mains armées;
942;Nouveauté;40;Je suis un homme : roman;Nimier, Marie
944;Livre pour adulte;40;Girl on fire;Keys, Alicia
951;Livre pour adulte;39;La stratégie Ender;Card, Orson Scott
955;Livre jeunesse;39;A la dérive;Muchamore, Robert
934;;40;Les anges de New York;Ellory, Roger Jon
935;Bande dessinée jeunesse;40;Switch girl !!. 17;Aida, Natsumi
938;DVD- vidéo > 12 ans;40;Engrenages. Saison 4. épisodes 1 à 3 ; Alexandra Clert, Guy-Patrick Sainderichin, adapt., Thierry Godard, Audrey Fleurot, Philippe Duclos, Grégory Fitoussi, Caroline Proust, ... act.;
940;Livre pour adulte;40;Ethno-roman;Nathan, Tobie
943;DVD-vidéo tous publics;40;Gangs of Wasseypur;
947;DVD-vidéo tous publics;40;Boardwalk Empire : Saison 3;
950;Livre pour adulte;39;Les grand-mères;Lessing, Doris
959;Bande dessinée jeunesse;39;Fairy Tail. 11;Mashima, Hiro
965;Nouveauté;39;La rivière noire;Arnaldur Indridason
966;Livre pour adulte;39;Dôme. 1;King, Stephen
968;Livre de section jeunesse > 12 ans;39;Promise;Condie, Ally
979;Nouveauté disque compact;39;Sun;
982;Nouveauté;39;Le cercle : thriller;Minier, Bernard
984;;39;La maison des anges : roman;Bruckner, Pascal
986;Nouveauté disque compact;39;Le cadeau;Le Forestier, Maxime
994;DVD-vidéo tous publics;38;La nuit nous appartient;Gray, James
2;;628;Cinquante nuances de Grey : roman;James, E. L.
956;Livre de section jeunesse > 12 ans;39;La Cité des ténèbres. 1. La coupe mortelle;Clare, Cassandra
969;Livre pour adulte;39;Black swan;
972;;39;Ce qu'il advint du sauvage blanc : roman;Garde, François
973;DVD-vidéo tous publics;39;Un monstre à Paris;
974;DVD-vidéo tous publics;39;L'ordre et la morale;
976;Bande dessinée pour adulte;39;Les autres gens. 6-7;Cadène, Thomas
977;DVD-vidéo tous publics;39;Detachment;
985;Livre pour adulte;39;Sicile : 2013;Gloaguen, Philippe
988;Livre pour adulte;39;Dans l'ombre des Tudors;Mantel, Hilary
993;DVD-vidéo tous publics;38;A nos amours;Pialat, Maurice
997;Livre pour adulte;38;World war Z : une histoire orale de la guerre des zombies;Brooks, Max
999;Bande dessinée jeunesse;38;Marie-Lune. 2. Au secours, j'ai perdu ma meilleure amie !;Douyé, Sylvia
